label,message
ham,account update now today discount lunch update urgent today click account reminder call verification reminder gift update reply discount
spam,reply hello reminder reply call now update today click click tomorrow
ham,offer click gift reply discount hello offer account verification free offer
ham,code today account reply reminder discount meeting verification click
ham,update verification gift account free
ham,offer gift free verification verification click offer reply hello tomorrow discount
ham,account update account reminder gift reply tomorrow lunch win discount offer verification hello click meeting click lunch
spam,update win hello reminder call reminder discount meeting account lunch lunch code urgent
ham,hello code verification free reply tomorrow meeting today tomorrow now verification
ham,gift code free call discount offer urgent lunch lunch reminder discount call offer tomorrow discount gift offer click
ham,discount offer offer urgent verification reminder
spam,call meeting hello lunch free code call offer call offer free account gift
ham,reminder today lunch code free reminder urgent today lunch update click urgent lunch
ham,update verification lunch verification discount click today verification now offer today free today verification verification win
ham,now update today win update call verification code verification gift
ham,urgent reply lunch code verification now gift gift
ham,reply click meeting free hello verification account reply free verification hello discount call discount today
ham,free verification offer update urgent now reply gift call free reminder lunch meeting tomorrow meeting click meeting discount account
ham,discount gift win click click hello reminder account meeting offer
ham,account reply code win urgent reminder reminder now
ham,free hello free meeting discount offer verification call reply reminder code tomorrow free reminder hello
ham,code offer discount account reminder update lunch tomorrow
ham,now lunch offer win urgent reminder free offer discount account
ham,reminder account update today hello discount
ham,today reminder hello click tomorrow reply offer account offer tomorrow hello reminder hello reply discount account tomorrow
ham,call urgent update free today code verification discount
ham,click click hello reminder urgent code verification win urgent call today code
ham,now call discount account hello reminder update tomorrow win gift
ham,click win free win win call verification win verification tomorrow reply free
ham,reply hello click reminder free gift account discount today code
ham,offer urgent call urgent call reply call click account today today click tomorrow reminder reply code tomorrow
ham,urgent offer call gift hello code click account
ham,account verification verification now now hello meeting verification today now account
spam,urgent click now lunch call offer
spam,gift now offer reminder win reply account discount tomorrow lunch meeting account tomorrow click discount now
ham,meeting free meeting free reminder free meeting urgent reply gift now now account
ham,verification click today reminder win offer today
ham,update gift account hello hello free lunch lunch
ham,verification call reminder hello reply tomorrow free reply urgent discount
ham,free offer lunch lunch win today account meeting verification reminder code gift offer hello update
ham,gift account call win lunch tomorrow today code account win tomorrow code lunch reminder
ham,account lunch discount discount account reminder reminder urgent account
ham,tomorrow click hello free call lunch tomorrow win offer urgent lunch lunch win discount now
spam,account gift tomorrow click code free click reply reminder code click account urgent tomorrow verification tomorrow update click
ham,today click win today urgent lunch reminder reminder free win code gift click click
ham,today reminder today discount account
ham,today hello meeting win win now update hello update lunch call free click urgent call
ham,call update verification call verification
ham,call code meeting free urgent hello meeting urgent now urgent free click verification call now verification code win reply
ham,reminder win account reply reminder now win discount discount offer account urgent code
spam,today hello hello gift free hello call
ham,today update free urgent account lunch free
spam,reminder account meeting reminder code update urgent hello click
spam,code verification code update reminder reminder meeting code now reminder meeting verification now free hello meeting
ham,tomorrow hello reminder offer today update gift meeting click
spam,discount verification meeting code reply account
ham,reply verification reply discount gift gift meeting tomorrow meeting reply win account verification gift
ham,verification call call reminder gift gift today update discount lunch meeting click now meeting reply gift click now meeting
ham,win click lunch reminder discount offer account free win discount update lunch reminder offer
ham,reply code gift call hello verification free offer reply click offer gift reply call discount code
ham,hello now meeting urgent gift reply verification hello meeting today lunch
ham,meeting offer call today win
ham,urgent call reply meeting verification discount free lunch account today urgent today click offer account
ham,offer urgent free account free urgent discount offer free tomorrow today account meeting lunch verification reminder update
ham,update account discount update account today tomorrow offer update verification now today lunch tomorrow
ham,account win tomorrow urgent click today reply win update account urgent tomorrow
ham,hello meeting win click verification free
ham,free call win code offer tomorrow meeting click urgent offer code reminder lunch
ham,gift account reminder discount gift urgent click verification
spam,gift hello urgent offer update reply tomorrow
ham,call reminder offer free free offer click hello tomorrow click gift free win meeting hello win hello update
ham,hello tomorrow offer offer call urgent verification free today free
ham,reminder meeting verification account verification hello tomorrow click
ham,urgent code free now now lunch now free gift free code click reminder call now call offer
ham,call hello now reply update update win meeting meeting
ham,today discount lunch reply tomorrow tomorrow meeting urgent reply click lunch
ham,offer reply hello reply lunch lunch free urgent
ham,gift reply lunch win verification click verification click lunch verification meeting discount offer discount code tomorrow meeting free tomorrow
ham,click today offer call tomorrow urgent gift gift verification discount call discount call call win free
ham,update win gift click today code free today today discount reminder discount verification now lunch account
spam,lunch today verification today code
ham,verification now offer discount lunch
ham,today hello meeting code tomorrow reminder now reply
ham,now code lunch lunch today gift urgent
ham,update discount today today call free reminder click offer discount meeting meeting hello call call click gift meeting account
ham,today free verification update free code gift reminder discount today click call today hello click
ham,tomorrow tomorrow account now hello discount offer reply discount account
ham,reminder click verification today hello today hello reply account code code verification click
spam,reminder tomorrow click reminder now account
ham,code lunch win offer now reply account reminder lunch reminder today gift update today win account lunch
ham,win meeting today offer gift free code
ham,gift hello reply free call update verification call tomorrow meeting gift account discount
ham,hello free tomorrow code update now urgent now lunch meeting reminder meeting tomorrow gift offer lunch urgent today
ham,gift urgent hello meeting verification tomorrow discount reply meeting hello offer
ham,lunch update tomorrow meeting free click now now discount hello now verification
ham,urgent meeting now update verification meeting discount win click tomorrow discount reminder code verification win discount
ham,meeting tomorrow update reminder reminder urgent reminder hello code reply
ham,update lunch tomorrow gift click offer verification code discount verification urgent discount verification
ham,now gift offer hello now lunch lunch
ham,discount gift lunch meeting urgent meeting reply reply
ham,offer win meeting urgent call hello
ham,account tomorrow meeting account gift reply offer hello gift update update gift verification urgent account call
ham,meeting code tomorrow click code meeting click win reply urgent reminder click code tomorrow reminder update reply
ham,gift account hello lunch click lunch offer lunch discount
spam,now account call win click meeting gift
ham,reply win discount free code call reply discount discount free urgent hello urgent
ham,win gift lunch free update free
ham,free update update now reply account reminder today urgent gift offer now discount reply
ham,tomorrow meeting hello tomorrow reminder today reminder tomorrow hello
ham,call today discount free offer today account win gift tomorrow offer urgent reply tomorrow click
ham,now lunch now code account gift today call meeting lunch today call reminder reminder update
ham,today click gift tomorrow urgent account free reply update offer verification offer click code today urgent win win
spam,today lunch update code lunch meeting urgent hello now call account
ham,hello update win verification verification free meeting urgent lunch offer win meeting tomorrow free lunch
ham,call tomorrow urgent click urgent now account
spam,code free reminder account account call free offer account update win offer tomorrow
ham,call now reminder click code update
ham,discount lunch account code reminder offer win tomorrow update free
spam,offer today reminder reply urgent call
ham,win today offer meeting reminder urgent reminder offer
ham,hello tomorrow hello meeting account discount reply call offer verification reminder click now
spam,urgent free hello urgent hello
ham,today offer now hello tomorrow discount today hello
ham,urgent update now hello now offer gift now call tomorrow verification reply hello call
ham,now reminder tomorrow hello urgent meeting today discount call win tomorrow hello code offer call
ham,hello call meeting meeting today free call hello call update discount update account offer code
ham,click lunch update tomorrow lunch offer account win call call meeting offer discount free win today verification reminder
spam,account account hello reminder reminder call now tomorrow today now urgent tomorrow
ham,now meeting reply meeting account verification offer account free free call win today
ham,urgent urgent click discount account urgent today now gift win verification
ham,offer today hello offer update
ham,tomorrow discount verification urgent discount hello discount today code tomorrow win reply discount gift code call call
ham,lunch discount call discount now reply call reply verification code hello now
ham,verification hello verification win today account now account today today verification account update win verification
spam,reply lunch today hello verification reminder discount reminder tomorrow click click free meeting win
ham,meeting click lunch now reminder today tomorrow discount win account now reminder call reply free call gift free now
ham,verification gift hello click now call reply offer tomorrow urgent free urgent offer update today
ham,discount call account offer code win
ham,verification reminder lunch discount urgent code click meeting offer verification call
spam,urgent account free offer offer account reminder call today
spam,update meeting win reply free lunch reply meeting lunch win win reminder tomorrow now gift
ham,click offer code reminder code discount discount urgent lunch today free update tomorrow account urgent win
ham,meeting discount verification click lunch offer code verification meeting hello code gift now click urgent reminder gift lunch lunch
ham,lunch offer urgent meeting click call discount verification reminder tomorrow discount verification update meeting
ham,lunch call discount verification free verification now offer gift
ham,verification now discount hello account account
ham,reply meeting now win offer verification reminder free code meeting now discount offer click today
ham,now lunch reply today lunch discount lunch meeting now free
ham,verification reminder account code reply lunch discount tomorrow call hello account urgent discount now now
ham,update account account tomorrow urgent meeting urgent code win reminder code now click discount
spam,hello click now reminder reminder meeting reply
ham,offer update call today tomorrow verification discount discount discount win today now urgent offer lunch verification reminder
ham,update click code offer gift gift update account free call offer reminder offer now click today discount today
ham,reply offer win meeting lunch win reminder lunch verification today today
spam,call win meeting offer free today call free hello
ham,meeting urgent code offer today offer hello verification verification free verification now urgent update free today discount free
ham,update urgent free free verification reminder free reply offer today hello reply reply win
ham,call verification now now discount
ham,gift gift meeting today tomorrow tomorrow click hello click hello tomorrow
ham,reminder meeting verification today click account hello free click
ham,free code call account discount reminder discount click urgent discount click today
ham,urgent lunch account code win code now call free account meeting meeting click
ham,now verification now discount urgent update account now lunch discount win gift reminder code verification lunch win account code
ham,meeting reminder call tomorrow now
ham,account lunch gift discount lunch update reply
ham,call offer reminder update click hello offer account call reply call verification click lunch verification meeting
ham,free update call call urgent code win meeting verification verification verification free call today reply meeting click offer urgent
ham,account today win meeting code offer verification discount gift account reminder gift hello verification lunch urgent
ham,free discount meeting hello gift offer offer reminder urgent discount account tomorrow
ham,code meeting urgent win tomorrow update reminder discount today account gift reminder
ham,call free lunch urgent reply win reply tomorrow account update update code meeting verification reply meeting reminder now
ham,code today win today verification meeting today offer call free free verification reminder
ham,account meeting today call lunch tomorrow click code reminder call discount account reply gift gift verification
ham,code verification today today meeting reminder code
ham,win discount reminder tomorrow urgent reminder call hello click discount click lunch tomorrow tomorrow call
ham,win click urgent free reminder hello lunch urgent urgent click hello gift hello verification offer
ham,urgent today account verification code account win discount update code verification click code account urgent call update meeting
ham,update account code lunch click now urgent
spam,click urgent meeting account now free discount code code update
ham,free today verification gift today meeting
ham,win code reply discount tomorrow click account call lunch gift meeting lunch gift code gift today free today update
ham,lunch offer account verification verification gift meeting call free now win reply discount offer tomorrow
spam,offer offer discount reply hello discount click verification
spam,tomorrow click meeting win click win verification tomorrow
ham,gift code call call lunch win discount free
ham,verification call meeting lunch code now offer account now now verification reply
ham,reply today lunch hello meeting gift tomorrow reminder click tomorrow verification today call update now update reply hello hello
ham,meeting reminder offer lunch win offer reminder today meeting free gift meeting offer
ham,discount tomorrow verification lunch call urgent
ham,gift today reply reply urgent tomorrow offer now reminder
ham,account urgent now meeting reminder call lunch verification
spam,click lunch update now hello update reminder meeting reply update today
spam,update gift gift free call
ham,code gift discount meeting update
ham,reminder lunch urgent discount win now meeting discount
ham,free today reminder reply urgent win reminder reply discount free call call verification
ham,urgent tomorrow tomorrow offer discount discount account update reminder verification
spam,win discount offer reminder meeting meeting click discount now code tomorrow
spam,today hello win hello free meeting now
ham,win discount today now win lunch update urgent today verification
ham,offer now account update code gift tomorrow meeting account free now lunch today reply hello offer click update
ham,now now click tomorrow update today win discount account code lunch
ham,account discount urgent win lunch hello lunch win click update call now lunch free reminder
spam,meeting win verification tomorrow reply reminder hello now tomorrow click gift
ham,today gift discount free urgent lunch call lunch click tomorrow call discount discount
ham,reply offer gift free offer update free gift urgent code reply reminder urgent tomorrow call tomorrow
ham,now tomorrow offer reminder free free offer urgent reminder gift call win update urgent call meeting
ham,free meeting win now gift reminder now update meeting free verification win discount verification meeting
ham,discount call meeting now win gift meeting call verification hello gift
ham,update urgent discount gift click click offer tomorrow reminder reminder
ham,call now discount code call gift click tomorrow
ham,today reply discount reminder tomorrow reminder win hello lunch code update free today code click offer win
ham,update click update gift click urgent now meeting verification hello offer gift urgent win hello
ham,now hello gift discount call urgent code reply discount win lunch call
ham,free code urgent today meeting click
ham,code lunch reminder click free code verification meeting reply code meeting reminder win offer hello urgent
ham,win urgent urgent update lunch discount
ham,click reply offer verification reminder tomorrow now offer meeting lunch win meeting account gift
ham,tomorrow verification hello lunch meeting hello gift discount gift reply update
spam,discount call urgent now verification
ham,reply call lunch gift discount account update
ham,call reminder lunch verification hello tomorrow reminder
ham,verification discount today free lunch urgent account click win discount code
ham,now hello gift reminder now meeting free call gift code hello reply reminder now
ham,reminder today code call reminder win win now offer gift
ham,reminder gift win click free now verification win free update reminder verification
spam,reply discount reply verification lunch
ham,discount offer reply discount reply win discount discount code offer reminder code update call
spam,win update call now account now call reply hello now now free
ham,verification reminder offer code hello today click now update free today urgent account
ham,today meeting reminder tomorrow discount verification click free verification verification reminder tomorrow gift offer now offer hello today meeting
ham,tomorrow code code code free discount call free reminder update meeting today call lunch update
ham,reply tomorrow discount offer lunch now account reply call urgent discount update offer meeting gift lunch gift
ham,gift verification code update today today today verification free account gift account code reminder update discount
ham,free click account now click discount urgent reminder offer urgent offer win verification hello
ham,meeting reply gift reply reminder reminder meeting urgent tomorrow lunch tomorrow account win today win lunch urgent
ham,offer reminder lunch hello click update urgent hello today reply today verification urgent click free today code
ham,urgent update tomorrow account code
ham,gift offer verification offer reminder update verification discount offer tomorrow code now code update offer urgent hello
ham,click discount meeting reminder code offer offer update lunch gift now meeting
spam,now code free gift code tomorrow update now code hello free lunch lunch now account click meeting
spam,discount gift tomorrow urgent hello code code click click code
spam,account lunch call call gift now win reply meeting
ham,reminder today account click reminder
ham,hello hello click tomorrow click
spam,code reminder account today tomorrow
ham,urgent offer verification verification free lunch discount urgent free meeting code today account today code tomorrow today today
spam,discount tomorrow tomorrow update hello code reply update verification reminder update call offer now
spam,lunch gift discount reminder today reminder hello tomorrow
spam,reply account discount discount gift now hello code free click reply account free tomorrow click urgent
ham,gift tomorrow reminder lunch tomorrow offer lunch today today today account today
ham,hello today gift reply discount meeting verification meeting lunch meeting click urgent free code hello
spam,lunch urgent gift today hello offer account update discount win gift gift free call verification update click now
ham,today discount reminder gift reminder reminder reply verification discount call today tomorrow click verification update call
ham,account account urgent now reply offer update click update reply meeting today verification verification discount discount lunch urgent now
ham,hello meeting reply today verification urgent urgent offer offer verification free update urgent today today urgent hello
spam,gift offer account discount lunch tomorrow call
ham,tomorrow reply meeting verification verification gift click discount tomorrow tomorrow verification discount meeting win win reminder verification discount today
ham,verification hello today today reminder verification
ham,lunch discount update free click discount reply verification click hello click
ham,code update discount today now tomorrow reminder call tomorrow gift account tomorrow win tomorrow call reminder win
spam,offer code free update call reminder account win verification hello today today account win code today
ham,now code reply code discount win today urgent click urgent lunch verification now today
ham,discount offer now code discount now free today now reply discount urgent now
spam,urgent free urgent lunch now tomorrow meeting discount code meeting verification tomorrow
ham,discount call meeting hello now offer hello today win gift click update today win
ham,account today update click meeting urgent account call reminder update account hello verification free offer gift call tomorrow today
ham,now offer lunch offer update discount reminder offer account call account reminder free click
ham,account meeting update update win free offer tomorrow
ham,tomorrow win tomorrow urgent reminder
ham,hello tomorrow reminder hello lunch urgent discount code update account reminder meeting click offer
ham,today offer today click gift tomorrow discount today code lunch
spam,verification lunch verification urgent lunch call update free win today now code account account
spam,verification today call reply reminder free tomorrow account win today lunch
ham,win win gift gift reminder discount urgent offer verification update today reminder discount discount verification discount urgent discount update
ham,verification urgent offer hello hello reminder today reminder verification discount offer urgent lunch discount free reminder lunch tomorrow
ham,urgent click click meeting discount hello hello verification reply account
ham,reminder now code reminder account offer discount offer now tomorrow meeting
ham,update account today discount reply code click
ham,offer meeting verification urgent hello
spam,update reminder reminder meeting today update update meeting verification
ham,verification free offer today reminder code call reply verification free today reply account now
ham,gift update offer gift urgent click click lunch reply free code
ham,verification lunch urgent hello account meeting urgent gift click reminder today call lunch gift tomorrow urgent update offer
ham,code code discount meeting meeting discount call now lunch urgent offer win tomorrow update
ham,code verification gift offer call account hello win click discount call
ham,gift now reminder lunch reminder tomorrow free verification update reminder gift hello gift
ham,hello call hello offer tomorrow update free gift offer code code verification reply
ham,discount free account gift click code update discount now click offer
ham,update urgent account code reminder reminder update gift account
ham,verification meeting reply free reminder today reply reminder hello today account verification code discount discount meeting
ham,today lunch update meeting reminder account lunch update hello
ham,reply verification tomorrow lunch offer reminder meeting reminder hello tomorrow now verification gift lunch
ham,tomorrow tomorrow urgent meeting free update click lunch meeting verification now free verification code meeting
ham,tomorrow tomorrow reminder meeting call reply now now urgent urgent
ham,reminder reminder tomorrow call meeting click click lunch
ham,code lunch meeting account free verification gift call
ham,reply meeting now gift offer now free tomorrow gift free free discount update update
ham,reply code win code meeting reply reminder click account discount win code win reminder gift reply free gift
ham,meeting account now code today click code code verification offer account offer
ham,discount free discount update free tomorrow urgent gift gift today win verification call gift
ham,lunch update verification tomorrow click code call update free free account today call account call gift free update tomorrow
ham,free win now meeting free hello free reminder account lunch tomorrow
ham,reply gift hello hello lunch click hello free account urgent meeting verification meeting hello update meeting win
ham,meeting tomorrow click urgent offer verification update lunch meeting today now hello reply hello urgent account update
spam,verification hello reply hello reminder
ham,discount call reminder account free lunch verification tomorrow today hello reminder code win offer discount now
ham,today verification tomorrow offer lunch call urgent free verification lunch today win tomorrow account code reply reminder code
ham,update offer tomorrow hello offer win reminder win discount free tomorrow urgent today update now win offer
ham,offer lunch account account tomorrow verification tomorrow call reply meeting now now urgent verification code verification
ham,tomorrow reminder verification code now today tomorrow today gift update now code verification call tomorrow now update
ham,now account reminder hello code gift code urgent free code now
ham,hello tomorrow urgent discount gift win offer today today tomorrow
spam,reminder reply code reply meeting account urgent hello account code
ham,lunch hello update verification tomorrow meeting code
ham,reply hello code call verification
ham,click code reminder now win meeting hello hello offer discount offer
ham,tomorrow verification reminder hello now urgent gift reminder tomorrow urgent gift reply discount click discount call gift gift
ham,reply update click urgent tomorrow win win account free meeting discount meeting code
ham,meeting win reply click call offer today now meeting click
ham,code hello click update offer reminder meeting lunch
ham,reply update hello update reply
ham,meeting code free account account meeting click reply win verification urgent urgent account
ham,now lunch click lunch gift win gift lunch account reply call account
spam,win code reminder free tomorrow reply account click offer reply code
ham,account urgent lunch win account code
ham,click meeting discount free free account urgent gift
ham,update hello reply now discount call verification lunch lunch gift gift reply reminder
ham,reminder offer now gift reminder offer urgent account reminder urgent verification
ham,now offer today today tomorrow reminder meeting now offer verification today update verification offer update call hello
ham,reply reminder reply urgent free call discount lunch account win gift code update hello today discount click
ham,discount hello update hello call meeting code urgent reminder lunch code click verification code hello click
ham,now reminder call today tomorrow win meeting hello free update offer today urgent update update
ham,verification verification lunch tomorrow click reminder click free gift verification click
ham,account reminder verification click reminder code now offer reply hello hello verification account call win now code now click
ham,win now tomorrow discount lunch offer free offer today update urgent verification update update offer verification
spam,today account today call win urgent now code code verification code click reminder win reply verification account click
ham,now reminder today now gift reply click update tomorrow urgent call verification
ham,today update verification verification discount tomorrow lunch discount call free click call urgent
ham,urgent urgent verification code hello free today offer offer win now click discount tomorrow verification
ham,win meeting verification discount code free update
ham,now now update now call win
ham,now win free update account today click free verification urgent urgent call update code
ham,gift gift tomorrow click tomorrow call reminder meeting today call verification
ham,meeting discount update reminder offer tomorrow lunch lunch tomorrow reminder click reminder free
ham,verification meeting gift verification gift call today offer update hello call code offer lunch gift verification meeting
ham,verification account lunch gift call tomorrow reply free reply today reply hello
ham,now lunch click tomorrow account discount verification free verification reply gift urgent offer offer
ham,code tomorrow lunch now now reminder
ham,update call meeting reminder account offer hello discount now urgent meeting reply now discount update reminder today now
ham,click update tomorrow now gift discount verification verification reply gift free meeting
spam,urgent click urgent discount hello code now free offer code urgent hello now
ham,update reply today now tomorrow update reply call verification win today meeting offer offer
ham,verification today reply win update urgent reply account call code
ham,win click meeting lunch call discount offer update lunch update offer tomorrow reminder offer
ham,hello update discount tomorrow click click hello click
ham,reminder urgent reminder click meeting today reminder offer reminder verification call free today tomorrow discount verification win free reminder
ham,hello free click reply urgent hello today free discount lunch hello tomorrow offer lunch update click
spam,discount code discount update free meeting reply free urgent discount reply lunch lunch tomorrow
ham,call lunch today call lunch gift free
ham,code meeting free urgent hello win click reply win win win meeting meeting
ham,click code win gift call meeting urgent update free click gift discount verification click verification discount lunch
ham,reply gift discount reminder click now free meeting offer reply click gift reply today urgent
ham,win meeting hello discount tomorrow click code hello call reminder
spam,gift now now urgent tomorrow urgent today win discount discount reminder reply now offer code tomorrow
ham,now call gift free win update click discount urgent hello reminder hello offer now account free offer click
spam,win tomorrow urgent lunch win now win update account today update win meeting gift code discount reply
spam,reply account reminder free hello verification meeting hello hello update reply now free gift click discount
ham,account urgent call tomorrow win reminder urgent now click
ham,verification win verification reply reminder account win reminder meeting verification
ham,lunch free win update urgent update hello offer reminder offer free
ham,call call reply offer click
ham,reply call win hello tomorrow urgent reply gift reply free meeting discount win gift now
ham,reminder gift now account update call reminder discount hello click free meeting click reply verification reminder win code gift
ham,lunch update code urgent call verification today hello win discount lunch free call
ham,discount discount click update today code click gift
ham,discount click gift update tomorrow lunch verification click discount call hello discount meeting click tomorrow reminder code
ham,call verification reminder reminder lunch now tomorrow hello discount click offer free win gift now discount
ham,win account discount offer code discount offer today tomorrow meeting reply hello hello meeting update win
ham,gift update update today reply
ham,urgent update tomorrow update reply call hello code hello reply win verification tomorrow offer tomorrow meeting
ham,code free hello account discount account account win verification hello free account update meeting today free gift
ham,reminder verification discount update free tomorrow tomorrow hello offer account today free meeting
spam,update now free account hello urgent verification meeting click account tomorrow now today reply update now urgent tomorrow
ham,code lunch update reply lunch code reminder offer lunch lunch call reminder offer urgent discount
ham,today code urgent today gift offer hello hello gift account urgent account hello free
ham,gift discount discount offer now win account reply meeting gift verification free gift
ham,meeting click lunch now free account discount gift free
ham,today now code account call free today code meeting gift
ham,tomorrow update today meeting gift account hello update click
spam,account click reply tomorrow reply call win urgent urgent
ham,account account gift urgent discount now click urgent now gift
ham,today urgent reply win click tomorrow account update gift gift hello tomorrow
ham,gift code free tomorrow today reply today win free click reminder win lunch free
ham,offer now click click hello today account gift
spam,tomorrow discount code free meeting win reminder verification today meeting gift
spam,click lunch now update win account free
ham,today click update lunch verification now offer today account
ham,code account click verification lunch account
ham,lunch reply account update today call
ham,lunch verification lunch code gift tomorrow verification call hello click reminder gift reply today offer reminder update meeting urgent
spam,meeting code account lunch update
ham,verification discount reply today verification update meeting today update gift account account lunch update win call account
ham,tomorrow offer lunch free hello free verification reply gift
ham,update hello code gift urgent meeting win reply call today lunch now gift code reminder urgent reminder
spam,now now gift account meeting click update today meeting
ham,account free meeting lunch offer call click code offer free call hello meeting
ham,call verification click reminder gift update account tomorrow lunch free gift win reply discount update offer hello
spam,reply discount urgent meeting discount call meeting reply free discount today reminder reminder today
ham,code free discount update reminder verification reminder
ham,meeting update account meeting offer discount click click discount account meeting account tomorrow reminder update
spam,reminder discount click lunch verification now verification click hello
spam,meeting meeting tomorrow tomorrow now verification account reply account meeting free free lunch gift gift call verification reply
ham,gift gift urgent now today win discount reply hello
ham,discount call discount lunch tomorrow today urgent code now
ham,click win verification hello win code discount meeting
ham,account gift urgent win reply update hello tomorrow tomorrow urgent lunch click reminder urgent
ham,now win win verification offer gift offer call today offer verification urgent verification
ham,tomorrow tomorrow account verification free update urgent now verification discount call
ham,free now now reply gift
ham,tomorrow call discount reminder free meeting now discount lunch reply click reply discount reply
ham,today verification meeting urgent lunch account meeting call
ham,now hello lunch click gift now account click
ham,code offer discount win reminder
ham,call reminder offer now verification account tomorrow win discount verification win gift reminder reply click update
ham,click reply discount click account today free reply meeting click urgent call call hello today now offer click
ham,hello meeting reply tomorrow account free code hello update
spam,urgent meeting reminder win reply account gift lunch
ham,click gift urgent account reply click free gift reminder account discount meeting reply call now reply
ham,free urgent click urgent verification now free account reminder hello urgent
ham,lunch click offer offer gift now
ham,account update discount reply verification free meeting
ham,reply discount tomorrow urgent now lunch gift call verification now urgent meeting offer offer
ham,lunch today update offer account today verification meeting
ham,hello verification urgent discount meeting today discount offer discount call free verification tomorrow free tomorrow code reminder code
ham,offer offer account lunch tomorrow reply reply verification call verification account
ham,gift win today update verification offer offer lunch code reply gift gift tomorrow free offer today code
ham,reply verification free urgent call tomorrow free click update account reply reply discount verification code urgent hello
ham,urgent free tomorrow reminder discount today lunch discount tomorrow win
ham,click reminder lunch reply click urgent lunch now gift reminder
ham,update account click win update urgent offer free free verification call update lunch reply
spam,tomorrow verification reply gift reminder urgent lunch free reminder update now call now reply meeting offer tomorrow
ham,win urgent code win reply urgent hello free meeting code reminder click win offer offer
ham,reply win code urgent tomorrow offer now free click account gift lunch call free free urgent gift click account
ham,discount reminder urgent update discount offer gift lunch
spam,verification urgent account today lunch reminder update win update lunch offer tomorrow reminder verification update code free urgent
spam,urgent hello code today today win reply urgent today now tomorrow today hello click
ham,update call reminder gift update meeting tomorrow verification lunch reply call today update
ham,update urgent hello win call verification now discount code today
ham,lunch gift reply gift meeting call hello free call win gift
ham,tomorrow offer urgent urgent free click free account lunch tomorrow reply update tomorrow win
ham,discount win tomorrow verification call
ham,offer hello code account verification verification win gift offer meeting update today update discount now reminder update reminder free
spam,win reminder now meeting code lunch offer verification gift code click free reply call gift
ham,reply reply offer account reply discount
ham,win lunch update reminder free call reply meeting tomorrow click meeting verification win offer
ham,meeting update now win lunch now code verification tomorrow lunch meeting meeting meeting meeting tomorrow click click update
ham,click free meeting account reply reminder reply discount update now call hello discount
ham,free tomorrow update hello hello win offer reply reminder
ham,tomorrow free now call now lunch click
ham,account reply hello account offer lunch discount gift
ham,code discount lunch verification gift call discount win meeting meeting click call click hello
ham,reminder urgent gift reminder meeting click click discount account reply update code hello
ham,now click gift urgent verification gift click
spam,tomorrow update urgent verification meeting hello win tomorrow lunch today account free account lunch
ham,lunch verification call gift win offer click account offer call
ham,free offer hello meeting now verification reply account offer call free call account account
spam,free click verification hello lunch gift account gift code free lunch reply urgent offer verification offer urgent code discount
ham,account discount meeting free code reply free click meeting today tomorrow hello account click
spam,today free reminder call now tomorrow today now lunch code reminder today now today now
ham,gift reply call win now lunch
spam,win reminder update reply account today lunch
ham,lunch discount lunch reminder verification win code win code click click update verification reply
spam,update win discount urgent free
ham,urgent hello click urgent gift
spam,click call today gift discount urgent hello urgent reply account offer hello
ham,now update reply today click verification call gift call reminder
ham,free verification free now free offer urgent offer
spam,gift urgent update discount now offer click reply call tomorrow account lunch offer code meeting lunch win click account
ham,call free lunch verification update update offer meeting code hello offer update reminder gift call code update
ham,discount now free free urgent now today offer hello update win offer click call
ham,win gift urgent account meeting verification discount today tomorrow offer
ham,reply account free hello lunch call code lunch offer discount free win reply hello lunch now
ham,code free today call offer free reply lunch lunch tomorrow verification tomorrow urgent tomorrow click free
ham,urgent call offer win win now lunch verification now account update now offer
spam,lunch free reply verification reminder offer tomorrow lunch today win today click tomorrow update click tomorrow
ham,verification verification gift reply hello update reminder account call today click click verification click reminder meeting
ham,lunch update call gift click
spam,click reply meeting lunch update
spam,click hello reminder discount win discount code
ham,hello tomorrow now reply verification
ham,hello win reply today click call
ham,discount now urgent offer lunch
ham,tomorrow meeting gift gift code update
ham,discount update reply update offer update today account offer discount click code meeting update
ham,call urgent tomorrow free call
ham,urgent offer tomorrow urgent reply win win lunch urgent verification free reminder reminder verification hello reply
ham,gift discount hello today meeting update verification tomorrow click hello click lunch call offer today tomorrow gift now
spam,offer code code discount update reply meeting now account reminder code lunch lunch reminder click code account free
spam,reminder tomorrow meeting click urgent now code free
ham,today code lunch click click hello gift offer call offer code account account offer reply
ham,code reply gift code reminder now update tomorrow account click verification lunch meeting hello today call now offer
ham,click win today now discount discount code free urgent
ham,hello offer account meeting account verification free free reminder discount
ham,hello account discount hello urgent now urgent click lunch urgent free
ham,reminder reminder code win click account account code today reply free code
spam,gift offer tomorrow gift click hello click today gift verification
ham,today meeting meeting lunch win discount free today reply
spam,reminder lunch free reply today reply reply hello click urgent meeting gift click account update reply urgent lunch offer
ham,reminder gift tomorrow now update code today offer reply reply hello free gift now call update
ham,click call update verification gift tomorrow hello
ham,now reply reminder update today gift meeting now now reminder hello win update gift now offer
spam,call click code update free account urgent code today
spam,free call reminder free win gift free account today lunch win reminder urgent account today verification
ham,win code tomorrow win today lunch discount
ham,today gift free call offer click reply reminder tomorrow click offer hello free hello code update today reply
ham,offer discount hello urgent today lunch today free reminder account discount win reminder hello tomorrow
ham,update call win discount verification lunch gift urgent now verification
spam,tomorrow reminder hello today gift
ham,discount call offer code account gift discount discount code meeting reply hello reply
ham,today win meeting account offer verification tomorrow urgent code meeting tomorrow update
ham,code win reply account reply reply gift update today call call
spam,verification verification meeting account discount free
ham,click reminder today reminder win tomorrow gift account lunch call today update hello verification verification lunch update
ham,code lunch verification code now offer reminder reply reply urgent offer verification reply lunch
ham,click today discount tomorrow win hello discount gift account update hello
ham,update today gift discount click tomorrow update discount update now today urgent urgent call meeting account account discount
ham,call reply gift update account reply click reminder urgent account code tomorrow offer free urgent lunch click update today
ham,tomorrow code gift account urgent tomorrow lunch call update hello today tomorrow now
spam,reply lunch click free code today win account free click reply discount hello reply offer urgent tomorrow free
ham,account account discount gift offer
spam,click verification account discount meeting gift code urgent
spam,call reminder free meeting lunch discount today today account today
ham,offer click now now reminder urgent update
ham,update click tomorrow update code reply discount discount account verification gift reply
spam,win discount meeting lunch tomorrow reply gift discount reply win reply code call account offer meeting meeting verification
spam,now gift lunch reply update win account free reply code verification
ham,free reply reminder code free reply meeting code free update reply verification lunch discount account now reply urgent today
ham,lunch free call code urgent reply reply now urgent code code reply free now meeting urgent discount
ham,lunch reply call win win now urgent click gift code win win verification
spam,tomorrow win tomorrow offer click call hello discount hello
ham,meeting lunch discount free lunch meeting meeting urgent tomorrow verification lunch reply tomorrow win hello meeting discount
ham,hello update hello update tomorrow today offer now win
ham,reminder gift click hello discount verification
ham,lunch verification hello offer reminder
ham,discount offer update hello account account code
ham,today discount tomorrow code free
ham,gift code urgent meeting account code verification lunch urgent win urgent click call reminder
ham,today now update urgent urgent offer gift win hello meeting account urgent code account
ham,click reply reply code meeting tomorrow win verification click call call call gift free
ham,reminder offer code urgent offer code reminder verification tomorrow gift
spam,reminder click click reply reminder click click tomorrow call free
ham,tomorrow free code reply urgent gift lunch code win free win now
ham,tomorrow meeting account tomorrow click win
spam,win hello meeting lunch code verification update verification free update urgent hello win discount code now offer code
ham,lunch discount reply gift code offer tomorrow gift gift hello account reminder gift gift now win gift
ham,discount reply reply tomorrow call free
ham,discount win call tomorrow now meeting today verification meeting call call click account gift code reply call urgent
ham,update reminder reply update lunch update win
ham,lunch reply now lunch discount today win
ham,reminder tomorrow click code gift meeting
ham,meeting verification verification click free update win now call
ham,offer reply gift win gift call reminder reminder offer lunch call call reply account call urgent
ham,free call discount win now urgent lunch free call hello meeting
ham,reminder today meeting update meeting update account update
ham,today urgent gift lunch click gift gift
ham,click win reply win reminder meeting tomorrow gift call free hello
ham,free reply gift tomorrow win
spam,win lunch update reminder discount update verification code discount discount free verification hello code gift offer discount
ham,call gift today verification click lunch urgent discount code tomorrow update call free lunch win meeting meeting offer call
ham,account gift free code gift urgent click free free gift
ham,win today update click verification reminder account today gift hello lunch click now reminder urgent code
ham,code tomorrow tomorrow click click gift free call hello
ham,gift meeting urgent hello meeting reminder update
spam,discount now now discount urgent code update today code reply now
spam,gift call meeting reminder verification free free update call verification offer call verification free today call update free urgent
ham,today lunch call win call gift meeting offer gift reminder
spam,hello urgent account verification discount update offer free code call offer click tomorrow reminder hello
ham,discount today gift click now today
ham,today offer offer account discount meeting discount hello now call account lunch code tomorrow offer reminder
ham,code tomorrow today meeting account today urgent reminder account update update tomorrow tomorrow meeting code verification call meeting
spam,call verification update urgent gift verification reply now now discount verification verification free gift verification call
ham,hello update tomorrow reminder win
ham,verification reminder update update free
ham,code today tomorrow offer account
ham,update hello update discount code discount now win
ham,account reminder click hello win verification reminder reply reminder tomorrow gift hello urgent hello account code tomorrow now
ham,tomorrow win today hello call free
ham,lunch today update update verification tomorrow reminder win offer urgent hello meeting click
ham,call click offer gift discount reply reminder win code discount lunch reply now reminder offer reminder lunch account tomorrow
ham,offer call call reply free update call verification now
ham,discount urgent meeting win click now call verification
ham,verification reminder code account hello meeting win meeting now call gift meeting
ham,call verification account code account click account update
spam,tomorrow account code call click offer tomorrow discount hello
ham,discount today lunch lunch call
ham,now call click update win free hello
ham,win update reminder reminder account update hello reminder reminder now today free free gift offer discount today meeting
ham,gift win meeting win discount discount reply tomorrow reminder verification free now verification code reminder gift call call
ham,win discount account gift lunch click reminder urgent
ham,discount urgent today account hello account gift tomorrow reminder reply call
ham,gift update reply lunch offer click code reminder tomorrow lunch account meeting reminder call
ham,gift verification today account now win update discount click code click
ham,click today urgent reply gift code verification call reply call verification
ham,offer offer win tomorrow free offer reminder urgent verification win tomorrow now win free
ham,hello now code reminder urgent tomorrow call lunch tomorrow free urgent click now call urgent hello verification code account
ham,now now verification hello click account meeting
ham,discount meeting account verification meeting gift offer reminder free discount urgent today offer click
ham,win update reply offer meeting call lunch now reminder today
ham,click now reminder reply gift urgent hello discount call now
ham,lunch reply now tomorrow reply free update verification today urgent urgent call meeting code lunch discount tomorrow reply
ham,reminder reminder hello verification code verification call gift meeting discount hello click code update win
ham,reply gift call offer hello reminder free hello update reply meeting click lunch urgent reply reminder win
ham,meeting win code click hello code gift discount meeting reminder update verification
spam,code code urgent win urgent verification lunch reminder click tomorrow hello reminder lunch
spam,meeting free reply gift update gift click discount verification win win reminder win urgent
ham,verification win lunch call discount update today discount reminder win account lunch urgent
ham,win win gift gift offer discount now code click free call discount hello
ham,discount discount account tomorrow click offer code click
ham,discount click lunch hello gift reminder win update
ham,tomorrow urgent update free win call account discount reminder now gift account hello call verification
ham,hello gift update reply meeting tomorrow code
ham,meeting discount verification code offer call urgent code
ham,lunch hello discount offer meeting update update
ham,meeting now discount verification win account meeting code lunch
ham,discount today urgent call verification code
ham,update update free gift account today code gift verification discount reply offer tomorrow verification now reply call
ham,verification today click free click click code
ham,win hello update code win reply update hello reminder hello code update now discount urgent code discount call click
ham,account lunch code meeting meeting
ham,discount reply meeting verification account win now
spam,tomorrow click code tomorrow offer discount account gift today
ham,lunch meeting tomorrow now meeting reminder discount account offer gift reminder gift click win offer account win offer offer
ham,now win meeting meeting discount hello click win update
ham,call meeting lunch code call offer urgent
ham,code call reminder offer win tomorrow now hello discount hello discount hello
ham,update win verification urgent discount account now urgent reply win win lunch urgent update update hello
ham,verification tomorrow gift gift call
ham,verification offer click tomorrow free discount now verification verification win free win lunch offer reply verification click reply win
ham,discount today reminder tomorrow meeting free lunch win lunch
ham,free win meeting reply win win today tomorrow update verification
ham,click tomorrow gift account win gift call offer now call gift
ham,update click hello offer free win click
ham,call verification free reply update now reminder code win reply tomorrow today
ham,lunch call win free now hello tomorrow gift call gift urgent discount urgent meeting
spam,tomorrow offer now click meeting today discount lunch verification win verification meeting hello offer lunch reply win account
ham,today urgent free now tomorrow tomorrow hello win gift update meeting code update tomorrow win
ham,call call call discount account verification today
ham,win win account urgent call lunch
ham,update click discount click win now today offer lunch today now click click win reminder
ham,reply update update reminder urgent call
ham,hello code update urgent update tomorrow update account discount lunch verification
ham,lunch account call offer offer win click account call call click click
ham,reply meeting verification discount free hello offer lunch hello offer reply click verification gift verification update call
ham,lunch discount meeting discount call tomorrow
ham,click code verification today win discount
ham,meeting verification call reply lunch lunch discount call urgent now update free gift update lunch reminder
ham,verification verification reminder hello today code click meeting gift win lunch verification win today offer offer reply
ham,offer reminder today offer reply click code code
ham,urgent today win gift now
ham,meeting code reminder win call code now
spam,update meeting win tomorrow verification win lunch lunch hello hello today meeting reply tomorrow now reminder meeting
ham,now call verification hello hello gift update lunch urgent free verification verification now click now win today update
ham,free today urgent update code discount now code today meeting code today call free update urgent now
ham,today hello update account lunch now click call free tomorrow account free gift win meeting account
ham,meeting call urgent win gift hello click urgent click tomorrow update reminder update
ham,verification code reply discount click now verification reminder win update lunch offer
ham,gift now lunch reply hello offer verification verification gift free urgent
ham,meeting account reminder today reply hello now hello verification win now win
ham,gift offer tomorrow call offer urgent urgent account
ham,win update lunch call gift verification reminder account lunch lunch click
spam,offer reply discount now click win lunch free win reply code code click discount free reply
ham,gift offer account offer code account meeting update tomorrow click meeting
ham,urgent reminder win offer lunch discount hello call offer verification
ham,code free reminder verification now update click
spam,verification meeting call gift call reply reminder today now code lunch
ham,gift update verification today call code
ham,update gift account urgent account gift click click meeting call reply click today code reply
spam,today offer discount free reminder hello click update tomorrow meeting tomorrow urgent urgent
spam,code discount offer verification offer update reminder code click reminder lunch update update discount
ham,offer tomorrow verification offer reply urgent call account reminder tomorrow offer gift win
ham,now verification account win now update reminder
ham,urgent code offer reminder win reply win discount call verification code tomorrow urgent win reply
ham,tomorrow now discount meeting offer win click reminder today win tomorrow hello meeting lunch verification reminder
spam,win now verification urgent reminder update update gift call call
ham,discount discount account verification account
ham,gift now free meeting now reply reminder reminder urgent offer urgent update free reply code reply meeting tomorrow
ham,meeting account lunch now lunch now offer code reply discount call
ham,call gift verification reminder lunch offer today tomorrow gift
ham,offer today call account code free click call free free offer update now meeting click tomorrow click
ham,code discount tomorrow update tomorrow verification free free hello meeting discount verification meeting offer
ham,today free urgent gift account gift gift offer tomorrow gift call tomorrow now hello free lunch
ham,today reply urgent code account click now gift
ham,hello offer click reminder urgent gift account reply discount win click reminder now
ham,win lunch reminder offer win today account now account verification win now urgent today meeting lunch
ham,reply meeting tomorrow meeting reminder lunch call free reply discount update discount tomorrow
ham,free code free win free call free reminder gift reminder gift discount call click
ham,call update meeting update now win urgent gift
ham,verification update tomorrow urgent code offer tomorrow gift
ham,win tomorrow code account hello today code meeting reply gift now meeting free click hello update code
ham,discount hello meeting now free reply call now update update click code reply call
ham,verification meeting now free call account free urgent
ham,lunch tomorrow lunch meeting call gift update gift gift
ham,now gift urgent discount lunch urgent reminder now click meeting today update now tomorrow offer gift free
ham,urgent code hello update now free discount call
spam,reminder reply now offer win
ham,click today now urgent win today win now
ham,reminder code now gift account win reply discount gift urgent discount click lunch click discount
ham,update today verification update code urgent offer win click lunch
ham,gift lunch hello discount win free reply gift tomorrow reply update lunch account discount update tomorrow update
ham,reminder account gift free reply verification offer
ham,win offer gift reminder urgent tomorrow reminder reply lunch meeting click offer discount click click free verification reminder lunch
ham,lunch lunch lunch offer offer tomorrow click
ham,tomorrow meeting win update today discount today reply today account update account now gift
ham,account tomorrow lunch update call reply tomorrow hello code reply gift
spam,call meeting update gift now discount call verification win free verification call reply update now reply urgent
ham,now code account gift verification account
spam,gift tomorrow click meeting lunch lunch account offer today free click call verification reply gift call reminder lunch account
ham,account urgent now now update
ham,now offer gift click verification click offer offer account tomorrow reply today call hello lunch now update account meeting
spam,reply reminder urgent lunch hello verification gift click meeting today code discount
ham,code update account verification update win
ham,update reminder urgent account today reply free account hello update code tomorrow call gift discount account urgent now code
ham,urgent update tomorrow update urgent lunch meeting free urgent call discount hello reply
ham,now win tomorrow reminder click offer click free gift code
ham,offer reply today now click verification verification now account discount account verification account now hello
ham,verification urgent now now meeting now call update meeting urgent today
ham,update lunch gift verification hello reply tomorrow urgent reply lunch click account urgent win meeting
ham,account reminder offer tomorrow today code update
ham,offer lunch tomorrow hello reminder urgent meeting today now lunch verification update win
ham,code today today hello verification offer meeting tomorrow reminder reminder verification call gift account hello win hello
ham,today update hello win update click reply reminder discount now verification call reminder offer win update today verification
ham,today discount hello reply reminder update now urgent win account click update account tomorrow verification today win reply reminder
ham,verification verification call reminder meeting verification account lunch reply today lunch call hello account meeting tomorrow today
ham,today win tomorrow free meeting
spam,win reply win call offer account now reminder update gift urgent discount
ham,discount now click code reply gift reply lunch account
ham,click offer tomorrow reminder lunch verification now account lunch urgent reply gift update today call meeting today
ham,reply reminder offer discount code call lunch gift reminder hello meeting tomorrow free
ham,win tomorrow lunch urgent code today reply meeting urgent update tomorrow reminder hello account account update
ham,verification code discount reminder hello gift account update reminder gift meeting call tomorrow call tomorrow code code reply gift
ham,lunch lunch code call update call meeting free
ham,offer click urgent code click account lunch call tomorrow click now offer call meeting discount discount free call
ham,lunch reminder reminder offer now offer urgent meeting verification verification code lunch win
ham,discount win offer reminder gift today account reminder call gift tomorrow call reminder
spam,win free now hello today urgent account reminder hello win code
ham,offer now click tomorrow free reply today now reminder gift win urgent verification hello offer code
ham,now gift reminder code reminder verification lunch
spam,verification call discount free lunch update reply win
ham,account code account now account account hello free free meeting tomorrow update gift verification free offer
ham,urgent now tomorrow now today hello gift
spam,urgent reminder click hello now gift reminder
ham,free offer reply update gift now discount now
ham,tomorrow verification verification code code update reminder discount click
ham,now meeting lunch reply free win account gift today win account free gift discount offer reply
ham,today tomorrow account offer discount call gift urgent win account lunch verification reminder code today lunch
ham,account free update offer gift now
ham,reply win account lunch update meeting discount free account win account account
spam,now discount tomorrow code verification today gift today tomorrow today call reply hello free code today
ham,reminder offer hello reminder free now account tomorrow meeting offer lunch offer reminder now free account lunch
ham,discount hello gift offer meeting urgent update reply reminder tomorrow
ham,code win lunch verification hello call discount reminder reply account urgent update lunch call
ham,today hello account gift tomorrow tomorrow verification now reminder today gift offer offer lunch update discount urgent tomorrow
ham,update free tomorrow reminder click win now account
ham,urgent account reply click hello today tomorrow hello lunch call today free
ham,update verification reply update reply hello hello account win win account tomorrow reminder meeting reply update
ham,reply urgent update today urgent gift update
spam,verification urgent win now account urgent click verification reply verification today discount call tomorrow verification
ham,meeting free meeting click lunch now
ham,click gift lunch discount verification discount call account hello hello today lunch now hello
ham,reply today hello hello code hello today offer click offer verification account reminder
ham,lunch reply code code reminder gift
ham,verification hello discount verification gift win win reminder update account urgent urgent account reminder meeting meeting free account reply
ham,call call today hello win account free verification
ham,meeting tomorrow click now update hello today account call urgent click free today hello urgent gift today discount
ham,account discount verification now account update lunch update urgent code discount hello urgent
ham,code account verification meeting reply free urgent urgent click tomorrow today today today
ham,win free account reminder meeting offer hello today verification now lunch verification
ham,tomorrow win update free reply urgent lunch meeting free gift lunch click gift reminder call code
ham,discount call update urgent code discount meeting reminder win tomorrow win call account meeting
ham,verification reply today verification code call update gift code account hello now account click discount offer
ham,now meeting update account verification
ham,today verification tomorrow lunch click
ham,account discount reminder free urgent discount update discount tomorrow call lunch win urgent hello discount now win win verification
ham,urgent urgent win hello offer gift now now now meeting tomorrow now gift free meeting urgent reply update
spam,reply click tomorrow now call tomorrow gift verification click update discount verification account gift win today click
ham,update account call offer meeting free
ham,gift update code click hello today reminder discount click urgent hello offer
ham,reminder update update today reply urgent free verification account reminder call
spam,free discount lunch code now reply free update account reminder win verification urgent verification click offer win reminder verification
ham,verification lunch now click gift today reminder tomorrow meeting
ham,urgent offer reply gift urgent update
ham,discount verification win urgent lunch verification
ham,click account reply reminder offer update win update account now today account reminder free discount reply
ham,win urgent verification code gift update tomorrow discount discount meeting lunch hello tomorrow gift hello win code
spam,click update click today gift gift lunch gift click urgent offer today call lunch
spam,free free reply discount gift account free gift tomorrow win meeting verification account code gift reminder lunch
ham,discount lunch free call urgent click hello now hello today discount offer gift
ham,code today win verification meeting
spam,hello lunch code discount lunch tomorrow offer lunch reminder now update
ham,verification update offer win call call discount free call now verification lunch
ham,verification win reminder meeting meeting tomorrow gift urgent account tomorrow update offer hello
ham,gift reminder reply meeting hello
ham,update hello offer discount hello click offer now offer account lunch gift
ham,win verification offer now code update urgent offer now urgent today verification account
ham,gift offer meeting win verification meeting code now code account code urgent account call gift offer offer tomorrow
spam,update offer gift code today urgent tomorrow code account update click verification offer reminder hello click
spam,hello lunch hello today reminder reminder now tomorrow urgent now today urgent tomorrow reminder offer gift reminder update discount
ham,code update lunch lunch hello click today
ham,reply update hello lunch call meeting meeting update discount
spam,meeting urgent update meeting urgent lunch update update gift call meeting hello meeting account gift meeting click verification verification
ham,click win update reminder lunch urgent urgent offer update account meeting win meeting win today lunch free account
ham,discount reply code meeting lunch urgent code win gift tomorrow
spam,code discount today verification tomorrow click update free lunch click offer discount
spam,now reply click hello urgent today reminder reminder reminder update
ham,code lunch lunch urgent free
ham,hello code meeting call offer update code meeting win update
ham,update code today win call account today
ham,discount gift reply now urgent now click reminder free hello gift update reply today
ham,reminder today verification account today reminder account code now hello click verification meeting discount
ham,call reply win reply reply tomorrow reply
ham,update offer verification gift click reply lunch reply discount meeting update now
ham,offer offer discount gift discount discount meeting urgent account tomorrow discount discount gift reply
ham,update verification offer free update urgent urgent verification reply lunch reply free discount verification update tomorrow free
ham,click reply code code discount update verification lunch tomorrow
spam,update update hello urgent free hello update tomorrow verification reminder account call click hello tomorrow meeting
ham,today update gift discount win click gift meeting win meeting meeting meeting
ham,call now verification meeting lunch
ham,verification update lunch today update win urgent code update lunch update reply now win call click verification
ham,reminder offer gift call verification update offer reminder discount hello reply tomorrow update today
ham,tomorrow reminder lunch verification urgent lunch discount reply
ham,free code reply today lunch click update hello account discount
ham,hello urgent reminder reply hello click win urgent offer
ham,account code verification update click discount discount code tomorrow
ham,update free discount tomorrow gift verification account reminder reply verification account account free lunch
ham,free tomorrow verification offer code update win now code call hello call reply
spam,now meeting reply account click lunch gift
ham,today now reminder win offer click click free lunch win gift tomorrow gift lunch click reminder
ham,today discount account account win meeting today win
ham,reminder click win code free win account update gift click reminder discount gift offer update
ham,offer call code verification click meeting today verification gift free
ham,urgent update click discount urgent verification hello gift code verification account call
ham,reply free reply call lunch reminder click meeting
spam,tomorrow reply today discount verification code win
ham,discount lunch urgent reply reminder now
ham,verification lunch offer offer now hello update discount meeting verification today now lunch
ham,reminder free code verification gift offer
spam,offer urgent verification gift now today click offer discount
ham,gift free account urgent free offer discount reply lunch win today account
ham,update gift reminder reminder gift reply offer free urgent call gift meeting offer call discount hello gift verification
ham,win now now urgent verification now verification meeting free reminder account reply tomorrow click verification discount
ham,hello tomorrow verification offer click hello reminder offer
ham,discount offer hello offer verification
spam,click hello offer now today meeting meeting now code win today reminder win reply tomorrow tomorrow code hello update
ham,account discount hello gift hello click call discount urgent today verification click lunch urgent now meeting reply meeting
ham,code account hello verification gift click update lunch today hello lunch today urgent
ham,meeting account code offer account lunch urgent now click update code lunch call offer today urgent
ham,account account update gift hello verification call reply
ham,lunch click meeting free offer account offer meeting urgent account now gift win discount update call
ham,call call account call reminder free code code today urgent tomorrow reply offer
ham,click discount code free now reply click today hello reply meeting discount
ham,account call tomorrow verification click tomorrow call meeting today
ham,discount call tomorrow verification free
ham,call tomorrow urgent win lunch offer meeting win hello call meeting click hello meeting gift offer reply
ham,verification meeting click code meeting hello click today gift lunch reply account offer meeting
ham,meeting reminder gift update reminder now tomorrow now click account update win update free
ham,reminder reply win lunch gift meeting hello verification win update call update
ham,reminder hello tomorrow gift account win discount
spam,now click reply call account reply hello reminder reminder urgent hello free today
spam,verification urgent lunch lunch win call urgent tomorrow reply call lunch hello lunch today reply verification verification today code
ham,click now urgent free verification code win free discount today free urgent lunch update today now
ham,tomorrow reply update update account hello click click update tomorrow update verification call call verification meeting call
ham,hello now account urgent offer tomorrow update tomorrow discount update urgent today now free hello account discount reminder click
ham,discount today win offer update free reminder win call update meeting account win win reply click reminder
ham,verification update reply update verification hello discount account tomorrow verification tomorrow reminder meeting free
ham,click free reminder now reminder tomorrow gift tomorrow code gift lunch call tomorrow now verification click
ham,urgent gift free urgent verification
ham,reply free hello lunch click code
ham,code free reminder reply call lunch reply tomorrow free offer free now meeting tomorrow
ham,reply discount now update offer reminder hello reminder hello reply offer
ham,discount gift reminder urgent discount discount hello click lunch today reply meeting click lunch update hello now hello
ham,urgent discount now account meeting update code meeting discount today hello free code
ham,code urgent hello gift today reply today today free update call verification account discount free verification win now code
ham,win tomorrow verification today urgent discount account win offer
ham,today code hello today offer reply now meeting update verification tomorrow now lunch lunch tomorrow meeting free verification
ham,update free now discount lunch click click today reminder verification verification update tomorrow verification tomorrow free offer reminder
ham,now verification lunch urgent hello meeting now reply meeting free reply
ham,reminder win free gift update reminder reminder
ham,hello hello urgent hello discount click tomorrow now discount update today reply tomorrow account call hello tomorrow win gift
ham,discount discount discount meeting discount click tomorrow free today verification tomorrow reminder tomorrow call offer offer free win hello
ham,verification now reminder hello free
spam,discount click urgent today free win update reply code reminder verification
ham,free hello urgent call reply click call meeting call meeting account meeting tomorrow hello reply verification today lunch
ham,verification tomorrow hello click tomorrow meeting click reply reminder urgent update tomorrow today update update offer
ham,call offer tomorrow reply click
ham,now update discount tomorrow reminder win free today free now call call verification urgent reminder now
ham,reminder click reply code today urgent today free now
spam,gift account discount reply today reply meeting offer now reminder meeting
ham,call verification click update win meeting click today tomorrow update code tomorrow now now click now code offer today
ham,now gift update lunch tomorrow call today code
ham,reminder tomorrow discount urgent reminder today reply free verification urgent lunch
ham,win click reminder gift offer lunch verification today
ham,free call discount click verification win account tomorrow tomorrow lunch
ham,reminder offer urgent verification account now click win reply account gift account
ham,meeting now urgent call tomorrow gift lunch verification call free click win account gift free
spam,call free hello code code discount meeting verification reply update win verification win code urgent tomorrow
ham,account lunch call account gift now lunch
ham,lunch call tomorrow discount gift win update reminder discount tomorrow verification win today lunch
ham,tomorrow hello code urgent code verification account free offer meeting
ham,urgent reply reminder code offer
ham,urgent free hello call click now account verification account account click call discount update discount today code free
ham,account win verification discount hello hello update discount urgent reply win reminder
ham,click verification free now reminder account reminder click
ham,urgent account tomorrow urgent call meeting discount free update hello today hello free update meeting win tomorrow hello
ham,offer lunch urgent today urgent urgent meeting reply now reply offer today
ham,win hello urgent gift hello
ham,urgent update win urgent call reminder account offer
spam,reminder offer hello free meeting now account free discount offer gift update call code reminder
ham,update account lunch reply call click today
ham,tomorrow free gift now call today win urgent account now discount free code click code click
spam,reminder call reminder reply tomorrow verification verification win tomorrow meeting meeting meeting
ham,free reminder meeting urgent offer reply urgent offer meeting gift call urgent tomorrow code reply click meeting
spam,meeting meeting verification update hello code free hello reply
ham,code meeting reply update urgent urgent free today reply hello call reminder click account
ham,now verification reply gift gift free hello verification urgent call verification
ham,verification lunch hello lunch call today reply today offer reminder today win reply
ham,free hello click reminder hello now now
ham,discount now update tomorrow now win now reply code lunch
ham,discount code today gift account gift verification click gift now tomorrow discount tomorrow update lunch offer reminder free
ham,today discount meeting now call reminder call call hello update discount verification call reminder reply win win
ham,call account urgent verification today reminder urgent urgent meeting
ham,click offer offer account urgent urgent today reminder click tomorrow update urgent discount call now
spam,lunch urgent account code update tomorrow
ham,tomorrow call win offer call
ham,now verification hello tomorrow now reply meeting account hello free
ham,click tomorrow today offer urgent
ham,verification call call tomorrow call reminder verification update free hello
spam,urgent free today meeting hello code hello account update urgent tomorrow win account reply today
ham,free discount tomorrow verification lunch gift account discount urgent offer reminder reply urgent
ham,now lunch offer call urgent verification tomorrow meeting
ham,meeting today verification gift click call
ham,win verification click reminder free code hello reminder hello update reminder now call lunch lunch code tomorrow meeting
ham,click offer meeting hello reply today update tomorrow
ham,reply discount account click hello reminder reminder lunch update lunch free tomorrow call call meeting reminder code win click
ham,win today update click call account now click lunch free reply gift reminder reply lunch reminder tomorrow
ham,tomorrow reminder gift hello gift discount hello free update verification call reply update gift call reply
ham,discount tomorrow reply code today reply now tomorrow account reply today reply urgent
spam,call verification reply today discount discount update free today discount verification click gift
spam,free hello update reply account hello
ham,meeting meeting click offer win discount reply update lunch now reply hello free
ham,discount update today click reminder reply call
ham,click click hello hello hello meeting meeting reminder reminder click
ham,win gift tomorrow gift gift free today win win meeting reply call update lunch free code click now
spam,code tomorrow now discount lunch verification tomorrow win gift today today now urgent account reply update call
ham,gift gift gift tomorrow update win discount hello now
ham,discount hello today call today verification discount now reply
ham,win lunch urgent free update
ham,lunch lunch account offer update urgent reminder reminder update tomorrow
ham,account gift hello free offer call code code gift hello call tomorrow gift call lunch today code
ham,gift win reply hello lunch
ham,urgent update code gift reminder
ham,free account now account update urgent offer free tomorrow lunch code
ham,offer offer lunch code offer verification today tomorrow gift free meeting click now meeting
ham,call update urgent meeting call verification call urgent
ham,now hello reminder offer lunch click hello update hello
ham,reminder reply hello urgent reminder tomorrow today free today win discount now lunch
ham,tomorrow update reply reply click click free reminder hello click call hello lunch code today lunch code lunch
ham,meeting reminder now free discount
ham,discount gift click now click verification hello update click click update discount reply account free gift
ham,offer now verification account offer urgent hello meeting verification
ham,click offer tomorrow urgent update tomorrow offer
spam,now now meeting win free verification verification free now update account win call discount gift click
ham,reply now reminder call gift tomorrow tomorrow
ham,urgent meeting lunch call account today lunch code
ham,code verification hello today click now account account click gift reply
ham,click account hello reminder update free click account update verification tomorrow discount click offer gift win
ham,offer now meeting tomorrow offer today today reply free urgent
ham,update gift meeting verification gift hello call code click code discount free offer code click offer
ham,reminder code code tomorrow code now win lunch gift gift hello free meeting free
ham,verification now lunch tomorrow free code
ham,click urgent gift discount code now discount meeting hello tomorrow meeting hello meeting urgent call account today meeting
ham,lunch urgent lunch now today call reminder meeting call reply today reminder now reminder lunch now reply urgent now
ham,discount gift now code reminder gift code offer offer click code tomorrow click
ham,reminder reply gift tomorrow gift verification reminder click meeting tomorrow discount offer free
ham,win reminder win urgent reply now account win
ham,now verification account account verification hello account tomorrow account urgent gift
ham,call free reply call account lunch win reminder
ham,win click verification win lunch click update gift meeting win today lunch
ham,discount reply discount urgent reminder lunch
ham,click click urgent free discount meeting account now free free hello reminder tomorrow free meeting now call reply verification
ham,account offer verification reminder hello call verification meeting today offer free now today discount verification
ham,call account hello hello reminder offer reminder now tomorrow hello today
ham,now meeting hello update tomorrow urgent urgent offer reminder
ham,offer code offer gift click win update update gift win meeting offer lunch account account verification account
ham,update verification lunch meeting reminder account now now code urgent call win account
ham,hello urgent win free code offer gift urgent urgent tomorrow free gift urgent discount
spam,hello lunch discount free call account now reply call update tomorrow code account reminder click now update reminder
ham,code reminder click verification meeting discount meeting update reminder
spam,account offer gift today urgent hello discount now update reminder reminder win account gift hello gift gift tomorrow
ham,code update call reminder hello now call meeting reply today today now reminder update call account update
